<?xml version="1.0" encoding="UTF-8" standalone="yes"?>
<manifest>
  <control namespace="InavantCharts" constructor="InavantRadarChart" version="0.0.1" display-name-key="InavantRadarChart" description-key="InavantRadarChart description" control-type="standard" api-version="1.3.5">
    <external-service-usage enabled="false"/>
    <property name="radarChartConfiguration" display-name-key="Radar Chart Configuration" description-key="Confguration on JSON" of-type="SingleLine.Text" usage="bound" required="true"/>
    <resources>
      <code path="bundle.js" order="1"/>
    </resources>
    <built-by name="pac" version="1.24.3"/>
  </control>
</manifest>